sequence_length,batch_size,learning_rate,epoch,train_loss,val_loss,val_accuracy,val_topk_accuracy
200,512,0.0005,12,1.0888036984204252,1.4245676139913852,0.6009613135575138,0.7857182599338706
200,512,0.0005,13,1.0812614419116604,1.4226085870394711,0.6033178174141659,0.7867400742322483
200,512,0.0005,14,1.0790085389362845,1.411376934272229,0.6047672423060073,0.7880355463459984
200,512,0.0005,15,1.0658242560616231,1.4114040117369553,0.6058319473081762,0.7882066770130136
200,512,0.0005,16,1.0600908691706767,1.4113885961767563,0.605104533936324,0.7888685119032507
200,512,0.0005,17,1.0529763327477593,1.4150436542418101,0.6065668152355991,0.7892570130892272
200,512,0.0005,18,1.050824354909769,1.4045925652796876,0.6086151974619939,0.790525475943663
200,512,0.0005,19,1.044138341863811,1.408249624813534,0.6092880521300312,0.7901360024243511
200,512,0.0005,20,1.0394180111409386,1.4050069264528722,0.6079327274976407,0.7903364111284631
